Budget_Month,Warehouse_ID,Budget_Logistics_Cost_INR
2025-01-01,WH001,7540721.11
2025-01-01,WH002,10476269.45
2025-01-01,WH003,7906908.28
2025-01-01,WH004,5553339.51
2025-01-01,WH005,8614708.26
2025-01-01,WH006,10022318.3
2025-01-01,WH007,6861892.04
2025-01-01,WH008,3720397.04
2025-01-01,WH009,4402712.14
2025-01-01,WH010,9595937.01
2025-01-01,WH011,9281728.8
2025-01-01,WH012,9941954.84
2025-02-01,WH001,8215957.56
2025-02-01,WH002,11632402.79
2025-02-01,WH003,7846996.48
2025-02-01,WH004,5428183.95
2025-02-01,WH005,8521308.26
2025-02-01,WH006,10438962.87
2025-02-01,WH007,7560063.64
2025-02-01,WH008,3662574.9
2025-02-01,WH009,4595506.0
2025-02-01,WH010,8786900.85
2025-02-01,WH011,8593727.72
2025-02-01,WH012,10311154.01
2025-03-01,WH001,8840306.49
2025-03-01,WH002,10880653.43
2025-03-01,WH003,9463418.04
2025-03-01,WH004,5327776.88
2025-03-01,WH005,7444207.86
2025-03-01,WH006,9566271.39
2025-03-01,WH007,6477254.83
2025-03-01,WH008,3393726.46
2025-03-01,WH009,4615745.84
2025-03-01,WH010,8597489.69
2025-03-01,WH011,9473572.02
2025-03-01,WH012,10166954.62
2025-04-01,WH001,8082841.29
2025-04-01,WH002,10522621.95
2025-04-01,WH003,9275212.8
2025-04-01,WH004,5840595.26
2025-04-01,WH005,8181601.51
2025-04-01,WH006,8849788.03
2025-04-01,WH007,7363067.84
2025-04-01,WH008,3663317.61
2025-04-01,WH009,4928794.51
2025-04-01,WH010,8591095.98
2025-04-01,WH011,8911045.5
2025-04-01,WH012,9415957.9
2025-05-01,WH001,7394440.5
2025-05-01,WH002,10514720.35
2025-05-01,WH003,8850288.1
2025-05-01,WH004,5419090.54
2025-05-01,WH005,8886187.29
2025-05-01,WH006,9966190.58
2025-05-01,WH007,6368743.75
2025-05-01,WH008,3729968.62
2025-05-01,WH009,4979143.45
2025-05-01,WH010,9722651.0
2025-05-01,WH011,9102982.15
2025-05-01,WH012,9963616.16
2025-06-01,WH001,8601866.92
2025-06-01,WH002,11698588.27
2025-06-01,WH003,9141010.49
2025-06-01,WH004,5472221.0
2025-06-01,WH005,8303503.98
2025-06-01,WH006,9257190.27
2025-06-01,WH007,7442650.57
2025-06-01,WH008,3346343.24
2025-06-01,WH009,4777005.11
2025-06-01,WH010,8808253.7
2025-06-01,WH011,10150809.34
2025-06-01,WH012,10018606.55
2025-07-01,WH001,8778867.91
2025-07-01,WH002,11376775.36
2025-07-01,WH003,8530926.92
2025-07-01,WH004,5453506.79
2025-07-01,WH005,7947091.87
2025-07-01,WH006,9333345.72
2025-07-01,WH007,6946543.69
2025-07-01,WH008,3481676.76
2025-07-01,WH009,4763052.42
2025-07-01,WH010,10244011.07
2025-07-01,WH011,9822981.86
2025-07-01,WH012,10132347.05
2025-08-01,WH001,8770613.82
2025-08-01,WH002,11390200.05
2025-08-01,WH003,8078571.42
2025-08-01,WH004,5336400.15
2025-08-01,WH005,8750317.13
2025-08-01,WH006,8977519.15
2025-08-01,WH007,7412755.65
2025-08-01,WH008,3510410.98
2025-08-01,WH009,4506386.43
2025-08-01,WH010,8680466.66
2025-08-01,WH011,9978865.97
2025-08-01,WH012,9963109.06
2025-09-01,WH001,7572661.15
2025-09-01,WH002,10886874.15
2025-09-01,WH003,9293860.63
2025-09-01,WH004,5694990.51
2025-09-01,WH005,8906918.79
2025-09-01,WH006,9177571.22
2025-09-01,WH007,7533424.84
2025-09-01,WH008,3391373.28
2025-09-01,WH009,4926543.31
2025-09-01,WH010,9264147.19
2025-09-01,WH011,9602876.72
2025-09-01,WH012,9310812.33
2025-10-01,WH001,7385714.54
2025-10-01,WH002,12082104.92
2025-10-01,WH003,8380209.47
2025-10-01,WH004,4963832.25
2025-10-01,WH005,8841756.96
2025-10-01,WH006,8889772.31
2025-10-01,WH007,6893835.02
2025-10-01,WH008,3411038.73
2025-10-01,WH009,5304370.95
2025-10-01,WH010,8943970.72
2025-10-01,WH011,9315619.58
2025-10-01,WH012,9777592.54
2025-11-01,WH001,8903673.43
2025-11-01,WH002,11560821.81
2025-11-01,WH003,8056877.46
2025-11-01,WH004,5516586.69
2025-11-01,WH005,8814259.35
2025-11-01,WH006,9004881.57
2025-11-01,WH007,7088213.24
2025-11-01,WH008,3600973.47
2025-11-01,WH009,5243344.53
2025-11-01,WH010,9472475.32
2025-11-01,WH011,8597571.31
2025-11-01,WH012,9748486.12
2025-12-01,WH001,8138819.83
2025-12-01,WH002,11523299.93
2025-12-01,WH003,8543837.22
2025-12-01,WH004,5865549.02
2025-12-01,WH005,8498947.69
2025-12-01,WH006,8908162.34
2025-12-01,WH007,6733238.38
2025-12-01,WH008,3632045.78
2025-12-01,WH009,4537843.7
2025-12-01,WH010,10066797.01
2025-12-01,WH011,8744536.66
2025-12-01,WH012,9444145.33
2026-01-01,WH001,8365288.75
2026-01-01,WH002,11155446.03
2026-01-01,WH003,9318087.06
2026-01-01,WH004,5827016.01
2026-01-01,WH005,7871441.46
2026-01-01,WH006,10299531.83
2026-01-01,WH007,7310237.13
2026-01-01,WH008,3375471.93
2026-01-01,WH009,5284770.66
2026-01-01,WH010,8983879.79
2026-01-01,WH011,9796089.87
2026-01-01,WH012,9404623.43
2026-02-01,WH001,7639894.1
2026-02-01,WH002,11808498.73
2026-02-01,WH003,8407344.53
2026-02-01,WH004,5557767.25
2026-02-01,WH005,8337456.52
2026-02-01,WH006,9619603.28
2026-02-01,WH007,7549090.24
2026-02-01,WH008,3691804.87
2026-02-01,WH009,5020057.08
2026-02-01,WH010,8504973.84
2026-02-01,WH011,9734054.2
2026-02-01,WH012,10708550.68
2026-03-01,WH001,8421531.93
2026-03-01,WH002,10199494.28
2026-03-01,WH003,9233352.71
2026-03-01,WH004,4954343.06
2026-03-01,WH005,8261303.8
2026-03-01,WH006,10607421.46
2026-03-01,WH007,6627495.28
2026-03-01,WH008,3368054.22
2026-03-01,WH009,5206848.6
2026-03-01,WH010,9165795.58
2026-03-01,WH011,9500985.34
2026-03-01,WH012,9884349.96
2026-04-01,WH001,8216938.32
2026-04-01,WH002,11926763.39
2026-04-01,WH003,7813321.55
2026-04-01,WH004,5733625.23
2026-04-01,WH005,7574831.49
2026-04-01,WH006,9123022.38
2026-04-01,WH007,7201970.1
2026-04-01,WH008,3830432.05
2026-04-01,WH009,4599009.79
2026-04-01,WH010,9875394.77
2026-04-01,WH011,9964127.34
2026-04-01,WH012,9191581.33
2026-05-01,WH001,8977874.35
2026-05-01,WH002,11064727.13
2026-05-01,WH003,8598941.16
2026-05-01,WH004,5595660.93
2026-05-01,WH005,7821868.56
2026-05-01,WH006,9848342.16
2026-05-01,WH007,6817498.4
2026-05-01,WH008,3977698.77
2026-05-01,WH009,4952829.82
2026-05-01,WH010,9542809.53
2026-05-01,WH011,9929364.77
2026-05-01,WH012,9502439.72
2026-06-01,WH001,8756444.13
2026-06-01,WH002,12142322.35
2026-06-01,WH003,9073621.64
2026-06-01,WH004,5334400.58
2026-06-01,WH005,8545870.61
2026-06-01,WH006,8916966.44
2026-06-01,WH007,7654013.33
2026-06-01,WH008,3726589.58
2026-06-01,WH009,5053853.51
2026-06-01,WH010,10217371.63
2026-06-01,WH011,9946925.4
2026-06-01,WH012,9854306.83
2026-07-01,WH001,7487055.69
2026-07-01,WH002,11257386.67
2026-07-01,WH003,9115360.33
2026-07-01,WH004,5893556.4
2026-07-01,WH005,7805263.92
2026-07-01,WH006,9229491.07
2026-07-01,WH007,7519105.3
2026-07-01,WH008,3780743.82
2026-07-01,WH009,4660559.77
2026-07-01,WH010,8584807.7
2026-07-01,WH011,10274093.32
2026-07-01,WH012,9089243.16
2026-08-01,WH001,8397745.34
2026-08-01,WH002,11566008.48
2026-08-01,WH003,9199283.38
2026-08-01,WH004,5350196.71
2026-08-01,WH005,7949774.86
2026-08-01,WH006,9508009.63
2026-08-01,WH007,6535147.64
2026-08-01,WH008,3927718.69
2026-08-01,WH009,4556673.21
2026-08-01,WH010,9625126.38
2026-08-01,WH011,9967090.25
2026-08-01,WH012,9777010.31
