Route_ID,Origin_City,Destination_City,Origin_Region,Destination_Region,Distance_KM,Standard_Delivery_Days,Route_Risk_Level
RT001,Pune,Kolkata,West,East,408,2.4,Low
RT002,Nashik,Vadodara,West,West,1690,4.5,High
RT003,Kolkata,Pune,East,West,1697,5.2,High
RT004,Rajkot,Bengaluru,West,South,676,2.5,Medium
RT005,Vadodara,Delhi,West,North,747,2.9,Medium
RT006,Chennai,Lucknow,South,North,1256,3.3,High
RT007,Vadodara,Ahmedabad,West,West,1368,3.7,High
RT008,Lucknow,Hyderabad,North,South,1101,3.0,High
RT009,Indore,Vadodara,Central,West,266,1.7,Low
RT010,Kolkata,Delhi,East,North,263,1.9,Low
RT011,Bengaluru,Kolkata,South,East,1816,5.4,High
RT012,Chennai,Indore,South,Central,1076,2.8,High
RT013,Ahmedabad,Pune,West,West,1518,4.9,High
RT014,Aurangabad,Chennai,West,South,778,2.5,Medium
RT015,Hyderabad,Bengaluru,South,South,726,2.5,Medium
RT016,Bengaluru,Rajkot,South,West,745,2.2,Medium
RT017,Jaipur,Nashik,North,West,1040,3.6,High
RT018,Delhi,Jaipur,North,North,973,2.8,Medium
RT019,Hyderabad,Pune,South,West,893,3.1,Medium
RT020,Hyderabad,Delhi,South,North,860,3.3,Medium
RT021,Kolkata,Nagpur,East,Central,823,2.3,Medium
RT022,Vadodara,Lucknow,West,North,551,2.2,Medium
RT023,Rajkot,Bengaluru,West,South,1802,4.8,High
RT024,Rajkot,Ahmedabad,West,West,810,2.6,Medium
RT025,Surat,Bhopal,West,Central,1089,3.4,High
RT026,Nagpur,Ahmedabad,Central,West,576,2.1,Medium
RT027,Kolkata,Lucknow,East,North,1416,4.4,High
RT028,Vadodara,Delhi,West,North,1707,4.8,High
RT029,Indore,Lucknow,Central,North,1054,3.5,High
RT030,Rajkot,Chennai,West,South,1065,3.7,High
RT031,Chennai,Rajkot,South,West,1558,4.6,High
RT032,Bengaluru,Lucknow,South,North,309,1.7,Low
RT033,Aurangabad,Pune,West,West,1584,4.7,High
RT034,Chennai,Jaipur,South,North,903,2.9,Medium
RT035,Bhopal,Nagpur,Central,Central,859,2.7,Medium
RT036,Chennai,Bengaluru,South,South,1394,4.6,High
RT037,Vadodara,Nashik,West,West,1753,5.1,High
RT038,Indore,Pune,Central,West,1601,4.3,High
RT039,Chennai,Indore,South,Central,237,1.4,Low
RT040,Vadodara,Chennai,West,South,1565,4.3,High
RT041,Delhi,Bengaluru,North,South,916,3.6,Medium
RT042,Nagpur,Kolkata,Central,East,162,0.7,Low
RT043,Pune,Chennai,West,South,212,1.1,Low
RT044,Nagpur,Surat,Central,West,1221,3.6,High
RT045,Pune,Surat,West,West,758,2.6,Medium
